{
  "prepare_queue": {
    "installed": [],
    "uninstalled": []
  },
  "config_munge": {
    "files": {
      "config.xml": {
        "parents": {
          "/*": [
            {
              "xml": "<feature name=\"Camera\"><param name=\"browser-package\" value=\"Camera\" /></feature>",
              "count": 1
            }
          ]
        }
      }
    }
  },
  "installed_plugins": {
    "cordova-plugin-splashscreen": {
      "PACKAGE_NAME": "com.ahorro_check.app"
    },
    "onesignal-cordova-plugin": {
      "PACKAGE_NAME": "com.ahorro_check.app"
    },
    "cordova-plugin-camera": {
      "PACKAGE_NAME": "com.ahorro_check.app"
    },
    "cordova-plugin-file": {
      "PACKAGE_NAME": "com.ahorro_check.app"
    },
    "cordova-plugin-media-capture": {
      "PACKAGE_NAME": "com.ahorro_check.app"
    },
    "cordova-plugin-media": {
      "PACKAGE_NAME": "com.ahorro_check.app"
    },
    "cordova-plugin-network-information": {
      "PACKAGE_NAME": "com.ahorro_check.app"
    }
  },
  "dependent_plugins": {},
  "modules": [
    {
      "file": "plugins/cordova-plugin-splashscreen/src/browser/SplashScreenProxy.js",
      "id": "cordova-plugin-splashscreen.SplashScreenProxy",
      "pluginId": "cordova-plugin-splashscreen",
      "runs": true
    },
    {
      "file": "plugins/cordova-plugin-splashscreen/www/splashscreen.js",
      "id": "cordova-plugin-splashscreen.SplashScreen",
      "pluginId": "cordova-plugin-splashscreen",
      "clobbers": [
        "navigator.splashscreen"
      ]
    },
    {
      "file": "plugins/onesignal-cordova-plugin/dist/index.js",
      "id": "onesignal-cordova-plugin.OneSignalPlugin",
      "pluginId": "onesignal-cordova-plugin",
      "clobbers": [
        "OneSignal"
      ]
    },
    {
      "file": "plugins/onesignal-cordova-plugin/dist/NotificationReceivedEvent.js",
      "id": "onesignal-cordova-plugin.NotificationReceivedEvent",
      "pluginId": "onesignal-cordova-plugin"
    },
    {
      "file": "plugins/onesignal-cordova-plugin/dist/OSNotification.js",
      "id": "onesignal-cordova-plugin.OSNotification",
      "pluginId": "onesignal-cordova-plugin"
    },
    {
      "file": "plugins/onesignal-cordova-plugin/dist/UserNamespace.js",
      "id": "onesignal-cordova-plugin.UserNamespace",
      "pluginId": "onesignal-cordova-plugin"
    },
    {
      "file": "plugins/onesignal-cordova-plugin/dist/PushSubscriptionNamespace.js",
      "id": "onesignal-cordova-plugin.PushSubscriptionNamespace",
      "pluginId": "onesignal-cordova-plugin"
    },
    {
      "file": "plugins/onesignal-cordova-plugin/dist/DebugNamespace.js",
      "id": "onesignal-cordova-plugin.DebugNamespace",
      "pluginId": "onesignal-cordova-plugin"
    },
    {
      "file": "plugins/onesignal-cordova-plugin/dist/InAppMessagesNamespace.js",
      "id": "onesignal-cordova-plugin.InAppMessagesNamespace",
      "pluginId": "onesignal-cordova-plugin"
    },
    {
      "file": "plugins/onesignal-cordova-plugin/dist/SessionNamespace.js",
      "id": "onesignal-cordova-plugin.SessionNamespace",
      "pluginId": "onesignal-cordova-plugin"
    },
    {
      "file": "plugins/onesignal-cordova-plugin/dist/LocationNamespace.js",
      "id": "onesignal-cordova-plugin.LocationNamespace",
      "pluginId": "onesignal-cordova-plugin"
    },
    {
      "file": "plugins/onesignal-cordova-plugin/dist/NotificationsNamespace.js",
      "id": "onesignal-cordova-plugin.NotificationsNamespace",
      "pluginId": "onesignal-cordova-plugin"
    },
    {
      "file": "plugins/onesignal-cordova-plugin/dist/LiveActivitiesNamespace.js",
      "id": "onesignal-cordova-plugin.LiveActivitiesNamespace",
      "pluginId": "onesignal-cordova-plugin"
    },
    {
      "file": "plugins/cordova-plugin-camera/www/CameraConstants.js",
      "id": "cordova-plugin-camera.Camera",
      "pluginId": "cordova-plugin-camera",
      "clobbers": [
        "Camera"
      ]
    },
    {
      "file": "plugins/cordova-plugin-camera/www/CameraPopoverOptions.js",
      "id": "cordova-plugin-camera.CameraPopoverOptions",
      "pluginId": "cordova-plugin-camera",
      "clobbers": [
        "CameraPopoverOptions"
      ]
    },
    {
      "file": "plugins/cordova-plugin-camera/www/Camera.js",
      "id": "cordova-plugin-camera.camera",
      "pluginId": "cordova-plugin-camera",
      "clobbers": [
        "navigator.camera"
      ]
    },
    {
      "file": "plugins/cordova-plugin-camera/src/browser/CameraProxy.js",
      "id": "cordova-plugin-camera.CameraProxy",
      "pluginId": "cordova-plugin-camera",
      "runs": true
    },
    {
      "file": "plugins/cordova-plugin-file/www/DirectoryEntry.js",
      "id": "cordova-plugin-file.DirectoryEntry",
      "pluginId": "cordova-plugin-file",
      "clobbers": [
        "window.DirectoryEntry"
      ]
    },
    {
      "file": "plugins/cordova-plugin-file/www/DirectoryReader.js",
      "id": "cordova-plugin-file.DirectoryReader",
      "pluginId": "cordova-plugin-file",
      "clobbers": [
        "window.DirectoryReader"
      ]
    },
    {
      "file": "plugins/cordova-plugin-file/www/Entry.js",
      "id": "cordova-plugin-file.Entry",
      "pluginId": "cordova-plugin-file",
      "clobbers": [
        "window.Entry"
      ]
    },
    {
      "file": "plugins/cordova-plugin-file/www/File.js",
      "id": "cordova-plugin-file.File",
      "pluginId": "cordova-plugin-file",
      "clobbers": [
        "window.File"
      ]
    },
    {
      "file": "plugins/cordova-plugin-file/www/FileEntry.js",
      "id": "cordova-plugin-file.FileEntry",
      "pluginId": "cordova-plugin-file",
      "clobbers": [
        "window.FileEntry"
      ]
    },
    {
      "file": "plugins/cordova-plugin-file/www/FileError.js",
      "id": "cordova-plugin-file.FileError",
      "pluginId": "cordova-plugin-file",
      "clobbers": [
        "window.FileError"
      ]
    },
    {
      "file": "plugins/cordova-plugin-file/www/FileReader.js",
      "id": "cordova-plugin-file.FileReader",
      "pluginId": "cordova-plugin-file",
      "clobbers": [
        "window.FileReader"
      ]
    },
    {
      "file": "plugins/cordova-plugin-file/www/FileSystem.js",
      "id": "cordova-plugin-file.FileSystem",
      "pluginId": "cordova-plugin-file",
      "clobbers": [
        "window.FileSystem"
      ]
    },
    {
      "file": "plugins/cordova-plugin-file/www/FileUploadOptions.js",
      "id": "cordova-plugin-file.FileUploadOptions",
      "pluginId": "cordova-plugin-file",
      "clobbers": [
        "window.FileUploadOptions"
      ]
    },
    {
      "file": "plugins/cordova-plugin-file/www/FileUploadResult.js",
      "id": "cordova-plugin-file.FileUploadResult",
      "pluginId": "cordova-plugin-file",
      "clobbers": [
        "window.FileUploadResult"
      ]
    },
    {
      "file": "plugins/cordova-plugin-file/www/FileWriter.js",
      "id": "cordova-plugin-file.FileWriter",
      "pluginId": "cordova-plugin-file",
      "clobbers": [
        "window.FileWriter"
      ]
    },
    {
      "file": "plugins/cordova-plugin-file/www/Flags.js",
      "id": "cordova-plugin-file.Flags",
      "pluginId": "cordova-plugin-file",
      "clobbers": [
        "window.Flags"
      ]
    },
    {
      "file": "plugins/cordova-plugin-file/www/LocalFileSystem.js",
      "id": "cordova-plugin-file.LocalFileSystem",
      "pluginId": "cordova-plugin-file",
      "clobbers": [
        "window.LocalFileSystem"
      ],
      "merges": [
        "window"
      ]
    },
    {
      "file": "plugins/cordova-plugin-file/www/Metadata.js",
      "id": "cordova-plugin-file.Metadata",
      "pluginId": "cordova-plugin-file",
      "clobbers": [
        "window.Metadata"
      ]
    },
    {
      "file": "plugins/cordova-plugin-file/www/ProgressEvent.js",
      "id": "cordova-plugin-file.ProgressEvent",
      "pluginId": "cordova-plugin-file",
      "clobbers": [
        "window.ProgressEvent"
      ]
    },
    {
      "file": "plugins/cordova-plugin-file/www/fileSystems.js",
      "id": "cordova-plugin-file.fileSystems",
      "pluginId": "cordova-plugin-file"
    },
    {
      "file": "plugins/cordova-plugin-file/www/requestFileSystem.js",
      "id": "cordova-plugin-file.requestFileSystem",
      "pluginId": "cordova-plugin-file",
      "clobbers": [
        "window.requestFileSystem"
      ]
    },
    {
      "file": "plugins/cordova-plugin-file/www/resolveLocalFileSystemURI.js",
      "id": "cordova-plugin-file.resolveLocalFileSystemURI",
      "pluginId": "cordova-plugin-file",
      "merges": [
        "window"
      ]
    },
    {
      "file": "plugins/cordova-plugin-file/www/browser/isChrome.js",
      "id": "cordova-plugin-file.isChrome",
      "pluginId": "cordova-plugin-file",
      "runs": true
    },
    {
      "file": "plugins/cordova-plugin-file/www/browser/Preparing.js",
      "id": "cordova-plugin-file.Preparing",
      "pluginId": "cordova-plugin-file",
      "runs": true
    },
    {
      "file": "plugins/cordova-plugin-file/src/browser/FileProxy.js",
      "id": "cordova-plugin-file.browserFileProxy",
      "pluginId": "cordova-plugin-file",
      "runs": true
    },
    {
      "file": "plugins/cordova-plugin-file/www/fileSystemPaths.js",
      "id": "cordova-plugin-file.fileSystemPaths",
      "pluginId": "cordova-plugin-file",
      "merges": [
        "cordova"
      ],
      "runs": true
    },
    {
      "file": "plugins/cordova-plugin-file/www/browser/FileSystem.js",
      "id": "cordova-plugin-file.firefoxFileSystem",
      "pluginId": "cordova-plugin-file",
      "merges": [
        "window.FileSystem"
      ]
    },
    {
      "file": "plugins/cordova-plugin-media-capture/www/CaptureAudioOptions.js",
      "id": "cordova-plugin-media-capture.CaptureAudioOptions",
      "pluginId": "cordova-plugin-media-capture",
      "clobbers": [
        "CaptureAudioOptions"
      ]
    },
    {
      "file": "plugins/cordova-plugin-media-capture/www/CaptureImageOptions.js",
      "id": "cordova-plugin-media-capture.CaptureImageOptions",
      "pluginId": "cordova-plugin-media-capture",
      "clobbers": [
        "CaptureImageOptions"
      ]
    },
    {
      "file": "plugins/cordova-plugin-media-capture/www/CaptureVideoOptions.js",
      "id": "cordova-plugin-media-capture.CaptureVideoOptions",
      "pluginId": "cordova-plugin-media-capture",
      "clobbers": [
        "CaptureVideoOptions"
      ]
    },
    {
      "file": "plugins/cordova-plugin-media-capture/www/CaptureError.js",
      "id": "cordova-plugin-media-capture.CaptureError",
      "pluginId": "cordova-plugin-media-capture",
      "clobbers": [
        "CaptureError"
      ]
    },
    {
      "file": "plugins/cordova-plugin-media-capture/www/MediaFileData.js",
      "id": "cordova-plugin-media-capture.MediaFileData",
      "pluginId": "cordova-plugin-media-capture",
      "clobbers": [
        "MediaFileData"
      ]
    },
    {
      "file": "plugins/cordova-plugin-media-capture/www/MediaFile.js",
      "id": "cordova-plugin-media-capture.MediaFile",
      "pluginId": "cordova-plugin-media-capture",
      "clobbers": [
        "MediaFile"
      ]
    },
    {
      "file": "plugins/cordova-plugin-media-capture/www/helpers.js",
      "id": "cordova-plugin-media-capture.helpers",
      "pluginId": "cordova-plugin-media-capture",
      "runs": true
    },
    {
      "file": "plugins/cordova-plugin-media-capture/www/capture.js",
      "id": "cordova-plugin-media-capture.capture",
      "pluginId": "cordova-plugin-media-capture",
      "clobbers": [
        "navigator.device.capture"
      ]
    },
    {
      "file": "plugins/cordova-plugin-media-capture/src/browser/CaptureProxy.js",
      "id": "cordova-plugin-media-capture.CaptureProxy",
      "pluginId": "cordova-plugin-media-capture",
      "runs": true
    },
    {
      "file": "plugins/cordova-plugin-media/www/MediaError.js",
      "id": "cordova-plugin-media.MediaError",
      "pluginId": "cordova-plugin-media",
      "clobbers": [
        "window.MediaError"
      ]
    },
    {
      "file": "plugins/cordova-plugin-media/www/Media.js",
      "id": "cordova-plugin-media.Media",
      "pluginId": "cordova-plugin-media",
      "clobbers": [
        "window.Media"
      ]
    },
    {
      "file": "plugins/cordova-plugin-media/www/browser/Media.js",
      "id": "cordova-plugin-media.BrowserMedia",
      "pluginId": "cordova-plugin-media",
      "clobbers": [
        "window.Media"
      ]
    },
    {
      "file": "plugins/cordova-plugin-network-information/www/network.js",
      "id": "cordova-plugin-network-information.network",
      "pluginId": "cordova-plugin-network-information",
      "clobbers": [
        "navigator.connection"
      ]
    },
    {
      "file": "plugins/cordova-plugin-network-information/www/Connection.js",
      "id": "cordova-plugin-network-information.Connection",
      "pluginId": "cordova-plugin-network-information",
      "clobbers": [
        "Connection"
      ]
    },
    {
      "file": "plugins/cordova-plugin-network-information/src/browser/network.js",
      "id": "cordova-plugin-network-information.NetworkInfoProxy",
      "pluginId": "cordova-plugin-network-information",
      "runs": true
    }
  ],
  "plugin_metadata": {
    "cordova-plugin-splashscreen": "6.0.1",
    "onesignal-cordova-plugin": "5.1.2",
    "cordova-plugin-camera": "7.0.0",
    "cordova-plugin-file": "8.0.1",
    "cordova-plugin-media-capture": "5.0.0",
    "cordova-plugin-media": "7.0.0",
    "cordova-plugin-network-information": "3.0.0"
  }
}
