{
  "project_info": {
    "project_number": "284599563270",
    "project_id": "ahorro-check",
    "storage_bucket": "ahorro-check.appspot.com"
  },
  "client": [
    {
      "client_info": {
        "mobilesdk_app_id": "1:284599563270:android:1807ba487195b30c8a3f87",
        "android_client_info": {
          "package_name": "com.ahorro_check.app"
        }
      },
      "oauth_client": [],
      "api_key": [
        {
          "current_key": "AIzaSyAWNASBV9rHVphFkteePCWjyGwLj-HLYlk"
        }
      ],
      "services": {
        "appinvite_service": {
          "other_platform_oauth_client": []
        }
      }
    }
  ],
  "configuration_version": "1"
}