{
  "prepare_queue": {
    "installed": [],
    "uninstalled": []
  },
  "config_munge": {
    "files": {
      "res/xml/config.xml": {
        "parents": {
          "/*": [
            {
              "xml": "<feature name=\"SplashScreen\"><param name=\"android-package\" value=\"org.apache.cordova.splashscreen.SplashScreen\" /><param name=\"onload\" value=\"true\" /></feature>",
              "count": 1
            },
            {
              "xml": "<feature name=\"OneSignalPush\"><param name=\"android-package\" value=\"com.onesignal.cordova.OneSignalPush\" /></feature>",
              "count": 1
            },
            {
              "xml": "<feature name=\"Camera\"><param name=\"android-package\" value=\"org.apache.cordova.camera.CameraLauncher\" /></feature>",
              "count": 1
            },
            {
              "xml": "<feature name=\"File\"><param name=\"android-package\" value=\"org.apache.cordova.file.FileUtils\" /><param name=\"onload\" value=\"true\" /></feature>",
              "count": 1
            },
            {
              "xml": "<allow-navigation href=\"cdvfile:*\" />",
              "count": 1
            },
            {
              "xml": "<feature name=\"Capture\"><param name=\"android-package\" value=\"org.apache.cordova.mediacapture.Capture\" /></feature>",
              "count": 1
            },
            {
              "xml": "<feature name=\"Media\"><param name=\"android-package\" value=\"org.apache.cordova.media.AudioHandler\" /></feature>",
              "count": 1
            },
            {
              "xml": "<feature name=\"NetworkStatus\"><param name=\"android-package\" value=\"org.apache.cordova.networkinformation.NetworkManager\" /></feature>",
              "count": 1
            }
          ]
        }
      },
      "AndroidManifest.xml": {
        "parents": {
          "/*": [
            {
              "xml": "<uses-permission android:maxSdkVersion=\"32\" android:name=\"android.permission.WRITE_EXTERNAL_STORAGE\" />",
              "count": 2
            },
            {
              "xml": "<uses-permission android:name=\"android.permission.READ_MEDIA_IMAGES\" />",
              "count": 2
            },
            {
              "xml": "<uses-permission android:name=\"android.permission.READ_MEDIA_VIDEO\" />",
              "count": 2
            },
            {
              "xml": "<uses-permission android:name=\"android.permission.CAMERA\" />",
              "count": 1
            },
            {
              "xml": "<uses-permission android:name=\"android.permission.RECORD_AUDIO\" />",
              "count": 2
            },
            {
              "xml": "<uses-permission android:name=\"android.permission.READ_MEDIA_AUDIO\" />",
              "count": 1
            },
            {
              "xml": "<uses-permission android:maxSdkVersion=\"32\" android:name=\"android.permission.READ_EXTERNAL_STORAGE\" />",
              "count": 1
            },
            {
              "xml": "<uses-permission android:name=\"android.permission.MODIFY_AUDIO_SETTINGS\" />",
              "count": 1
            },
            {
              "xml": "<uses-permission android:name=\"android.permission.ACCESS_NETWORK_STATE\" />",
              "count": 1
            }
          ],
          "application": [
            {
              "xml": "<provider android:authorities=\"${applicationId}.cordova.plugin.camera.provider\" android:exported=\"false\" android:grantUriPermissions=\"true\" android:name=\"org.apache.cordova.camera.FileProvider\"><meta-data android:name=\"android.support.FILE_PROVIDER_PATHS\" android:resource=\"@xml/camera_provider_paths\" /></provider>",
              "count": 1
            }
          ],
          "queries": [
            {
              "xml": "<intent><action android:name=\"android.media.action.IMAGE_CAPTURE\" /></intent>",
              "count": 1
            },
            {
              "xml": "<intent><action android:name=\"android.intent.action.GET_CONTENT\" /></intent>",
              "count": 1
            },
            {
              "xml": "<intent><action android:name=\"android.intent.action.PICK\" /></intent>",
              "count": 1
            },
            {
              "xml": "<intent><action android:name=\"com.android.camera.action.CROP\" /><data android:mimeType=\"image/*\" android:scheme=\"content\" /></intent>",
              "count": 1
            }
          ]
        }
      }
    }
  },
  "installed_plugins": {
    "cordova-plugin-splashscreen": {
      "PACKAGE_NAME": "com.ahorro_check.app"
    },
    "onesignal-cordova-plugin": {
      "PACKAGE_NAME": "com.ahorro_check.app"
    },
    "cordova-plugin-camera": {
      "ANDROIDX_CORE_VERSION": "1.6.+",
      "PACKAGE_NAME": "com.ahorro_check.app"
    },
    "cordova-plugin-file": {
      "ANDROIDX_WEBKIT_VERSION": "1.4.0",
      "PACKAGE_NAME": "com.ahorro_check.app"
    },
    "cordova-plugin-media-capture": {
      "ANDROIDX_WEBKIT_VERSION": "1.4.0",
      "PACKAGE_NAME": "com.ahorro_check.app"
    },
    "cordova-plugin-media": {
      "PACKAGE_NAME": "com.ahorro_check.app"
    },
    "cordova-plugin-network-information": {
      "PACKAGE_NAME": "com.ahorro_check.app"
    }
  },
  "dependent_plugins": {},
  "modules": [
    {
      "id": "cordova-plugin-splashscreen.SplashScreen",
      "file": "plugins/cordova-plugin-splashscreen/www/splashscreen.js",
      "pluginId": "cordova-plugin-splashscreen",
      "clobbers": [
        "navigator.splashscreen"
      ]
    },
    {
      "id": "onesignal-cordova-plugin.OneSignalPlugin",
      "file": "plugins/onesignal-cordova-plugin/dist/index.js",
      "pluginId": "onesignal-cordova-plugin",
      "clobbers": [
        "OneSignal"
      ]
    },
    {
      "id": "onesignal-cordova-plugin.NotificationReceivedEvent",
      "file": "plugins/onesignal-cordova-plugin/dist/NotificationReceivedEvent.js",
      "pluginId": "onesignal-cordova-plugin"
    },
    {
      "id": "onesignal-cordova-plugin.OSNotification",
      "file": "plugins/onesignal-cordova-plugin/dist/OSNotification.js",
      "pluginId": "onesignal-cordova-plugin"
    },
    {
      "id": "onesignal-cordova-plugin.UserNamespace",
      "file": "plugins/onesignal-cordova-plugin/dist/UserNamespace.js",
      "pluginId": "onesignal-cordova-plugin"
    },
    {
      "id": "onesignal-cordova-plugin.PushSubscriptionNamespace",
      "file": "plugins/onesignal-cordova-plugin/dist/PushSubscriptionNamespace.js",
      "pluginId": "onesignal-cordova-plugin"
    },
    {
      "id": "onesignal-cordova-plugin.DebugNamespace",
      "file": "plugins/onesignal-cordova-plugin/dist/DebugNamespace.js",
      "pluginId": "onesignal-cordova-plugin"
    },
    {
      "id": "onesignal-cordova-plugin.InAppMessagesNamespace",
      "file": "plugins/onesignal-cordova-plugin/dist/InAppMessagesNamespace.js",
      "pluginId": "onesignal-cordova-plugin"
    },
    {
      "id": "onesignal-cordova-plugin.SessionNamespace",
      "file": "plugins/onesignal-cordova-plugin/dist/SessionNamespace.js",
      "pluginId": "onesignal-cordova-plugin"
    },
    {
      "id": "onesignal-cordova-plugin.LocationNamespace",
      "file": "plugins/onesignal-cordova-plugin/dist/LocationNamespace.js",
      "pluginId": "onesignal-cordova-plugin"
    },
    {
      "id": "onesignal-cordova-plugin.NotificationsNamespace",
      "file": "plugins/onesignal-cordova-plugin/dist/NotificationsNamespace.js",
      "pluginId": "onesignal-cordova-plugin"
    },
    {
      "id": "onesignal-cordova-plugin.LiveActivitiesNamespace",
      "file": "plugins/onesignal-cordova-plugin/dist/LiveActivitiesNamespace.js",
      "pluginId": "onesignal-cordova-plugin"
    },
    {
      "id": "cordova-plugin-camera.Camera",
      "file": "plugins/cordova-plugin-camera/www/CameraConstants.js",
      "pluginId": "cordova-plugin-camera",
      "clobbers": [
        "Camera"
      ]
    },
    {
      "id": "cordova-plugin-camera.CameraPopoverOptions",
      "file": "plugins/cordova-plugin-camera/www/CameraPopoverOptions.js",
      "pluginId": "cordova-plugin-camera",
      "clobbers": [
        "CameraPopoverOptions"
      ]
    },
    {
      "id": "cordova-plugin-camera.camera",
      "file": "plugins/cordova-plugin-camera/www/Camera.js",
      "pluginId": "cordova-plugin-camera",
      "clobbers": [
        "navigator.camera"
      ]
    },
    {
      "id": "cordova-plugin-camera.CameraPopoverHandle",
      "file": "plugins/cordova-plugin-camera/www/CameraPopoverHandle.js",
      "pluginId": "cordova-plugin-camera",
      "clobbers": [
        "CameraPopoverHandle"
      ]
    },
    {
      "id": "cordova-plugin-file.DirectoryEntry",
      "file": "plugins/cordova-plugin-file/www/DirectoryEntry.js",
      "pluginId": "cordova-plugin-file",
      "clobbers": [
        "window.DirectoryEntry"
      ]
    },
    {
      "id": "cordova-plugin-file.DirectoryReader",
      "file": "plugins/cordova-plugin-file/www/DirectoryReader.js",
      "pluginId": "cordova-plugin-file",
      "clobbers": [
        "window.DirectoryReader"
      ]
    },
    {
      "id": "cordova-plugin-file.Entry",
      "file": "plugins/cordova-plugin-file/www/Entry.js",
      "pluginId": "cordova-plugin-file",
      "clobbers": [
        "window.Entry"
      ]
    },
    {
      "id": "cordova-plugin-file.File",
      "file": "plugins/cordova-plugin-file/www/File.js",
      "pluginId": "cordova-plugin-file",
      "clobbers": [
        "window.File"
      ]
    },
    {
      "id": "cordova-plugin-file.FileEntry",
      "file": "plugins/cordova-plugin-file/www/FileEntry.js",
      "pluginId": "cordova-plugin-file",
      "clobbers": [
        "window.FileEntry"
      ]
    },
    {
      "id": "cordova-plugin-file.FileError",
      "file": "plugins/cordova-plugin-file/www/FileError.js",
      "pluginId": "cordova-plugin-file",
      "clobbers": [
        "window.FileError"
      ]
    },
    {
      "id": "cordova-plugin-file.FileReader",
      "file": "plugins/cordova-plugin-file/www/FileReader.js",
      "pluginId": "cordova-plugin-file",
      "clobbers": [
        "window.FileReader"
      ]
    },
    {
      "id": "cordova-plugin-file.FileSystem",
      "file": "plugins/cordova-plugin-file/www/FileSystem.js",
      "pluginId": "cordova-plugin-file",
      "clobbers": [
        "window.FileSystem"
      ]
    },
    {
      "id": "cordova-plugin-file.FileUploadOptions",
      "file": "plugins/cordova-plugin-file/www/FileUploadOptions.js",
      "pluginId": "cordova-plugin-file",
      "clobbers": [
        "window.FileUploadOptions"
      ]
    },
    {
      "id": "cordova-plugin-file.FileUploadResult",
      "file": "plugins/cordova-plugin-file/www/FileUploadResult.js",
      "pluginId": "cordova-plugin-file",
      "clobbers": [
        "window.FileUploadResult"
      ]
    },
    {
      "id": "cordova-plugin-file.FileWriter",
      "file": "plugins/cordova-plugin-file/www/FileWriter.js",
      "pluginId": "cordova-plugin-file",
      "clobbers": [
        "window.FileWriter"
      ]
    },
    {
      "id": "cordova-plugin-file.Flags",
      "file": "plugins/cordova-plugin-file/www/Flags.js",
      "pluginId": "cordova-plugin-file",
      "clobbers": [
        "window.Flags"
      ]
    },
    {
      "id": "cordova-plugin-file.LocalFileSystem",
      "file": "plugins/cordova-plugin-file/www/LocalFileSystem.js",
      "pluginId": "cordova-plugin-file",
      "clobbers": [
        "window.LocalFileSystem"
      ],
      "merges": [
        "window"
      ]
    },
    {
      "id": "cordova-plugin-file.Metadata",
      "file": "plugins/cordova-plugin-file/www/Metadata.js",
      "pluginId": "cordova-plugin-file",
      "clobbers": [
        "window.Metadata"
      ]
    },
    {
      "id": "cordova-plugin-file.ProgressEvent",
      "file": "plugins/cordova-plugin-file/www/ProgressEvent.js",
      "pluginId": "cordova-plugin-file",
      "clobbers": [
        "window.ProgressEvent"
      ]
    },
    {
      "id": "cordova-plugin-file.fileSystems",
      "file": "plugins/cordova-plugin-file/www/fileSystems.js",
      "pluginId": "cordova-plugin-file"
    },
    {
      "id": "cordova-plugin-file.requestFileSystem",
      "file": "plugins/cordova-plugin-file/www/requestFileSystem.js",
      "pluginId": "cordova-plugin-file",
      "clobbers": [
        "window.requestFileSystem"
      ]
    },
    {
      "id": "cordova-plugin-file.resolveLocalFileSystemURI",
      "file": "plugins/cordova-plugin-file/www/resolveLocalFileSystemURI.js",
      "pluginId": "cordova-plugin-file",
      "merges": [
        "window"
      ]
    },
    {
      "id": "cordova-plugin-file.isChrome",
      "file": "plugins/cordova-plugin-file/www/browser/isChrome.js",
      "pluginId": "cordova-plugin-file",
      "runs": true
    },
    {
      "id": "cordova-plugin-file.androidEntry",
      "file": "plugins/cordova-plugin-file/www/android/Entry.js",
      "pluginId": "cordova-plugin-file",
      "merges": [
        "Entry"
      ]
    },
    {
      "id": "cordova-plugin-file.androidFileSystem",
      "file": "plugins/cordova-plugin-file/www/android/FileSystem.js",
      "pluginId": "cordova-plugin-file",
      "merges": [
        "FileSystem"
      ]
    },
    {
      "id": "cordova-plugin-file.fileSystems-roots",
      "file": "plugins/cordova-plugin-file/www/fileSystems-roots.js",
      "pluginId": "cordova-plugin-file",
      "runs": true
    },
    {
      "id": "cordova-plugin-file.fileSystemPaths",
      "file": "plugins/cordova-plugin-file/www/fileSystemPaths.js",
      "pluginId": "cordova-plugin-file",
      "merges": [
        "cordova"
      ],
      "runs": true
    },
    {
      "id": "cordova-plugin-media-capture.CaptureAudioOptions",
      "file": "plugins/cordova-plugin-media-capture/www/CaptureAudioOptions.js",
      "pluginId": "cordova-plugin-media-capture",
      "clobbers": [
        "CaptureAudioOptions"
      ]
    },
    {
      "id": "cordova-plugin-media-capture.CaptureImageOptions",
      "file": "plugins/cordova-plugin-media-capture/www/CaptureImageOptions.js",
      "pluginId": "cordova-plugin-media-capture",
      "clobbers": [
        "CaptureImageOptions"
      ]
    },
    {
      "id": "cordova-plugin-media-capture.CaptureVideoOptions",
      "file": "plugins/cordova-plugin-media-capture/www/CaptureVideoOptions.js",
      "pluginId": "cordova-plugin-media-capture",
      "clobbers": [
        "CaptureVideoOptions"
      ]
    },
    {
      "id": "cordova-plugin-media-capture.CaptureError",
      "file": "plugins/cordova-plugin-media-capture/www/CaptureError.js",
      "pluginId": "cordova-plugin-media-capture",
      "clobbers": [
        "CaptureError"
      ]
    },
    {
      "id": "cordova-plugin-media-capture.MediaFileData",
      "file": "plugins/cordova-plugin-media-capture/www/MediaFileData.js",
      "pluginId": "cordova-plugin-media-capture",
      "clobbers": [
        "MediaFileData"
      ]
    },
    {
      "id": "cordova-plugin-media-capture.MediaFile",
      "file": "plugins/cordova-plugin-media-capture/www/MediaFile.js",
      "pluginId": "cordova-plugin-media-capture",
      "clobbers": [
        "MediaFile"
      ]
    },
    {
      "id": "cordova-plugin-media-capture.helpers",
      "file": "plugins/cordova-plugin-media-capture/www/helpers.js",
      "pluginId": "cordova-plugin-media-capture",
      "runs": true
    },
    {
      "id": "cordova-plugin-media-capture.capture",
      "file": "plugins/cordova-plugin-media-capture/www/capture.js",
      "pluginId": "cordova-plugin-media-capture",
      "clobbers": [
        "navigator.device.capture"
      ]
    },
    {
      "id": "cordova-plugin-media-capture.init",
      "file": "plugins/cordova-plugin-media-capture/www/android/init.js",
      "pluginId": "cordova-plugin-media-capture",
      "runs": true
    },
    {
      "id": "cordova-plugin-media.MediaError",
      "file": "plugins/cordova-plugin-media/www/MediaError.js",
      "pluginId": "cordova-plugin-media",
      "clobbers": [
        "window.MediaError"
      ]
    },
    {
      "id": "cordova-plugin-media.Media",
      "file": "plugins/cordova-plugin-media/www/Media.js",
      "pluginId": "cordova-plugin-media",
      "clobbers": [
        "window.Media"
      ]
    },
    {
      "id": "cordova-plugin-network-information.network",
      "file": "plugins/cordova-plugin-network-information/www/network.js",
      "pluginId": "cordova-plugin-network-information",
      "clobbers": [
        "navigator.connection"
      ]
    },
    {
      "id": "cordova-plugin-network-information.Connection",
      "file": "plugins/cordova-plugin-network-information/www/Connection.js",
      "pluginId": "cordova-plugin-network-information",
      "clobbers": [
        "Connection"
      ]
    }
  ],
  "plugin_metadata": {
    "cordova-plugin-splashscreen": "6.0.1",
    "onesignal-cordova-plugin": "5.1.2",
    "cordova-plugin-camera": "7.0.0",
    "cordova-plugin-file": "8.0.1",
    "cordova-plugin-media-capture": "5.0.0",
    "cordova-plugin-media": "7.0.0",
    "cordova-plugin-network-information": "3.0.0"
  }
}
